customer_id,Recency,Frequency,Monetary,R_score,F_score,M_score,RFM_Score,Segment,Cluster
10001,215,2,1400000,3,1,5,315,その他,0
10002,215,3,1400000,3,1,5,315,その他,0
10003,215,9,1400000,3,1,5,315,その他,0
10004,215,19,1400000,3,1,5,315,その他,0
10005,215,7,1400000,3,1,5,315,その他,0
10006,215,18,1400000,3,1,5,315,その他,0
10007,215,4,1400000,3,1,5,315,その他,0
10008,215,5,1400000,3,1,5,315,その他,0
10009,215,1,1400000,3,1,5,315,その他,0
10010,215,1,1400000,3,1,5,315,その他,0
10011,215,1,1400000,3,1,5,315,その他,0
10012,215,1,1400000,3,1,5,315,その他,0
10013,215,1,1400000,3,1,5,315,その他,0
10014,215,1,1400000,3,1,5,315,その他,0
10015,215,1,1400000,3,1,5,315,その他,0
10016,215,1,1400000,3,1,5,315,その他,0
10017,215,1,1400000,3,1,5,315,その他,0
10018,215,1,1400000,3,1,5,315,その他,0
10019,215,1,1400000,3,1,5,315,その他,0
10020,215,1,1400000,3,1,5,315,その他,0
10021,215,1,1400000,3,1,5,315,その他,0
10022,215,1,1400000,3,1,5,315,その他,0
10023,215,1,1400000,3,1,5,315,その他,0
10024,215,1,1400000,3,1,5,315,その他,0
10025,215,1,1400000,3,1,5,315,その他,0
10026,215,1,1400000,3,1,5,315,その他,0
10027,215,1,1400000,3,1,5,315,その他,0
10028,215,1,1400000,3,1,5,315,その他,0
10029,215,1,1400000,3,1,5,315,その他,0
10030,215,1,1400000,3,1,5,315,その他,0
10031,215,1,1400000,3,1,5,315,その他,0
10032,215,1,1400000,3,1,5,315,その他,0
10033,215,1,1400000,3,1,5,315,その他,0
10034,215,1,1400000,3,1,5,315,その他,0
10035,215,1,1400000,3,1,5,315,その他,0
10036,215,1,1400000,3,1,5,315,その他,0
10037,215,1,1400000,3,1,5,315,その他,0
10038,215,1,1400000,3,1,5,315,その他,0
10039,215,1,1400000,3,1,5,315,その他,0
10040,215,1,1400000,3,1,5,315,その他,0
10041,215,1,1400000,3,1,5,315,その他,0
10042,215,1,1400000,3,1,5,315,その他,0
10043,215,1,1400000,3,1,5,315,その他,0
10044,215,1,1400000,3,1,5,315,その他,0
10045,215,1,1400000,3,1,5,315,その他,0
10046,215,1,1400000,3,1,5,315,その他,0
10047,215,1,1400000,3,1,5,315,その他,0
10048,215,1,1400000,3,1,5,315,その他,0
10049,215,1,1400000,3,1,5,315,その他,0
10050,215,1,1400000,3,1,5,315,その他,0
10051,215,1,1400000,3,1,5,315,その他,0
10052,215,1,1400000,3,1,5,315,その他,0
10053,215,1,1400000,3,1,5,315,その他,0
10054,215,1,1400000,3,1,5,315,その他,0
10055,215,1,1400000,3,1,5,315,その他,0
10056,215,1,1400000,3,1,5,315,その他,0
10057,215,1,1400000,3,1,5,315,その他,0
10058,215,1,1400000,3,1,5,315,その他,0
10059,215,1,1400000,3,1,5,315,その他,0
10060,215,1,1400000,3,1,5,315,その他,0
10061,215,1,1400000,3,1,5,315,その他,0
10062,215,1,1400000,3,1,5,315,その他,0
10063,215,1,1400000,3,1,5,315,その他,0
10064,215,1,1400000,3,1,5,315,その他,0
10065,215,1,1400000,3,1,5,315,その他,0
10066,215,1,1400000,3,1,5,315,その他,0
10067,215,1,1400000,3,1,5,315,その他,0
10068,215,1,1400000,3,1,5,315,その他,0
10069,215,1,1400000,3,1,5,315,その他,0
10070,215,1,1400000,3,1,5,315,その他,0
10071,215,1,1400000,3,1,5,315,その他,0
10072,215,1,1400000,3,1,5,315,その他,0
10073,215,1,1400000,3,1,5,315,その他,0
10074,215,1,1400000,3,1,5,315,その他,0
10075,215,1,1400000,3,1,5,315,その他,0
10076,215,1,1400000,3,1,5,315,その他,0
10077,215,1,1400000,3,1,5,315,その他,0
10078,215,1,1400000,3,1,5,315,その他,0
10079,31,1,1400000,5,1,5,515,新規顧客,2
10080,31,1,1400000,5,1,5,515,新規顧客,2
10081,31,1,1400000,5,1,5,515,新規顧客,2
10082,31,1,1400000,5,1,5,515,新規顧客,2
10083,31,1,1400000,5,1,5,515,新規顧客,2
10084,31,1,1400000,5,1,5,515,新規顧客,2
10085,31,1,1400000,5,1,5,515,新規顧客,2
10086,31,1,1400000,5,1,5,515,新規顧客,2
10087,31,1,1400000,5,1,5,515,新規顧客,2
10088,31,1,1400000,5,1,5,515,新規顧客,2
10089,31,1,1400000,5,1,5,515,新規顧客,2
10090,31,1,1400000,5,1,5,515,新規顧客,2
10091,31,1,1400000,5,1,5,515,新規顧客,2
10092,31,1,1400000,5,1,5,515,新規顧客,2
10093,31,1,1400000,5,1,5,515,新規顧客,2
10094,31,1,1400000,5,1,5,515,新規顧客,2
10095,31,1,1400000,5,1,5,515,新規顧客,2
10096,31,1,1400000,5,1,5,515,新規顧客,2
10097,31,1,1400000,5,1,5,515,新規顧客,2
10098,31,1,1400000,5,1,5,515,新規顧客,2
10099,31,1,1400000,5,1,5,515,新規顧客,2
10100,31,1,1400000,5,1,5,515,新規顧客,2
10101,31,1,420000,5,1,5,515,新規顧客,2
10102,31,1,420000,5,1,5,515,新規顧客,2
10103,31,1,420000,5,1,5,515,新規顧客,2
10104,31,1,420000,5,1,5,515,新規顧客,2
10105,31,1,420000,5,1,5,515,新規顧客,2
10106,31,1,420000,5,1,5,515,新規顧客,2
10107,31,1,420000,5,1,5,515,新規顧客,2
10108,31,1,420000,5,1,5,515,新規顧客,2
10109,31,1,420000,5,1,5,515,新規顧客,2
10110,31,1,420000,5,1,5,515,新規顧客,2
10111,31,1,420000,5,1,5,515,新規顧客,2
10112,31,1,420000,5,1,5,515,新規顧客,2
10113,31,1,420000,5,1,5,515,新規顧客,2
10114,31,1,420000,5,1,5,515,新規顧客,2
10115,31,1,420000,5,1,5,515,新規顧客,2
10116,31,1,420000,5,1,5,515,新規顧客,2
10117,31,1,420000,5,1,5,515,新規顧客,2
10118,31,1,420000,5,1,5,515,新規顧客,2
10119,31,1,420000,5,1,5,515,新規顧客,2
10120,31,1,420000,5,1,5,515,新規顧客,2
10121,31,1,420000,5,1,5,515,新規顧客,2
10122,31,1,420000,5,1,5,515,新規顧客,2
10123,31,1,420000,5,1,5,515,新規顧客,2
10124,31,1,420000,5,1,5,515,新規顧客,2
10125,31,1,420000,5,1,5,515,新規顧客,2
10126,31,1,420000,5,1,5,515,新規顧客,2
10127,31,1,420000,5,1,5,515,新規顧客,2
10128,31,1,420000,5,1,5,515,新規顧客,2
10129,31,1,420000,5,1,5,515,新規顧客,2
10130,31,1,420000,5,1,5,515,新規顧客,2
10131,31,1,420000,5,1,5,515,新規顧客,2
10132,31,1,420000,5,1,5,515,新規顧客,2
10133,31,1,420000,5,1,5,515,新規顧客,2
10134,31,1,420000,5,1,5,515,新規顧客,2
10135,31,1,420000,5,1,5,515,新規顧客,2
10136,31,1,420000,5,1,5,515,新規顧客,2
10137,31,1,420000,5,1,5,515,新規顧客,2
10138,31,1,420000,5,1,5,515,新規顧客,2
10139,31,1,420000,5,1,5,515,新規顧客,2
10140,31,1,420000,5,1,5,515,新規顧客,2
10141,31,1,420000,5,1,5,515,新規顧客,2
10142,31,1,420000,5,1,5,515,新規顧客,2
10143,31,1,420000,5,1,5,515,新規顧客,2
10144,31,1,420000,5,1,5,515,新規顧客,2
10145,31,1,420000,5,1,5,515,新規顧客,2
10146,31,1,420000,5,1,5,515,新規顧客,2
10147,31,1,420000,5,1,5,515,新規顧客,2
10148,31,1,420000,5,1,5,515,新規顧客,2
10149,31,1,420000,5,1,5,515,新規顧客,2
10150,31,1,420000,5,1,5,515,新規顧客,2
10151,31,1,420000,5,1,5,515,新規顧客,2
10152,31,1,420000,5,1,5,515,新規顧客,2
10153,31,1,420000,5,1,5,515,新規顧客,2
10154,31,1,420000,5,1,5,515,新規顧客,2
10155,31,1,420000,5,1,5,515,新規顧客,2
10156,31,1,420000,5,1,5,515,新規顧客,2
10157,31,1,420000,5,1,5,515,新規顧客,2
10158,31,1,420000,5,1,5,515,新規顧客,2
10159,31,1,420000,5,1,5,515,新規顧客,2
10160,31,1,420000,5,1,5,515,新規顧客,2
10161,31,1,420000,5,1,5,515,新規顧客,2
10162,31,1,420000,5,1,5,515,新規顧客,2
10163,31,1,420000,5,1,5,515,新規顧客,2
10164,31,1,420000,5,1,5,515,新規顧客,2
10165,31,1,420000,5,1,5,515,新規顧客,2
10166,31,1,420000,5,1,5,515,新規顧客,2
10167,31,1,420000,5,1,5,515,新規顧客,2
10168,31,1,420000,5,1,5,515,新規顧客,2
10169,31,1,420000,5,1,5,515,新規顧客,2
10170,31,1,420000,5,1,5,515,新規顧客,2
10171,31,1,420000,5,1,5,515,新規顧客,2
10172,31,1,420000,5,1,5,515,新規顧客,2
10173,31,1,420000,5,1,5,515,新規顧客,2
10174,31,1,420000,5,1,5,515,新規顧客,2
10175,31,1,420000,5,1,5,515,新規顧客,2
10176,31,1,420000,5,1,5,515,新規顧客,2
10177,31,1,420000,5,1,5,515,新規顧客,2
10178,31,1,420000,5,1,5,515,新規顧客,2
10179,31,1,420000,5,1,5,515,新規顧客,2
10180,31,1,420000,5,1,5,515,新規顧客,2
10181,31,1,420000,5,1,5,515,新規顧客,2
10182,31,1,420000,5,1,5,515,新規顧客,2
10183,31,1,420000,5,1,5,515,新規顧客,2
10184,31,1,420000,5,1,5,515,新規顧客,2
10185,31,1,420000,5,1,5,515,新規顧客,2
10186,31,1,420000,5,1,5,515,新規顧客,2
10187,31,1,420000,5,1,5,515,新規顧客,2
10188,31,1,420000,5,1,5,515,新規顧客,2
10189,31,1,420000,5,1,5,515,新規顧客,2
10190,31,1,420000,5,1,5,515,新規顧客,2
10191,31,1,420000,5,1,5,515,新規顧客,2
10192,31,1,420000,5,1,5,515,新規顧客,2
10193,31,1,420000,5,1,5,515,新規顧客,2
10194,31,1,420000,5,1,5,515,新規顧客,2
10195,31,1,420000,5,1,5,515,新規顧客,2
10196,31,1,420000,5,1,5,515,新規顧客,2
10197,31,1,420000,5,1,5,515,新規顧客,2
10198,31,1,420000,5,1,5,515,新規顧客,2
10199,31,1,420000,5,1,5,515,新規顧客,2
10200,31,1,420000,5,1,5,515,新規顧客,2
10201,306,1,300000,1,1,4,114,離反傾向,0
10202,306,1,300000,1,1,4,114,離反傾向,0
10203,306,1,300000,1,1,4,114,離反傾向,0
10204,306,1,300000,1,1,4,114,離反傾向,0
10205,306,1,300000,1,1,4,114,離反傾向,0
10206,306,1,300000,1,1,4,114,離反傾向,0
10207,306,1,300000,1,1,4,114,離反傾向,0
10208,306,1,300000,1,1,4,114,離反傾向,0
10209,306,1,300000,1,1,4,114,離反傾向,0
10210,306,1,300000,1,1,4,114,離反傾向,0
10211,306,1,300000,1,1,4,114,離反傾向,0
10212,306,1,300000,1,1,4,114,離反傾向,0
10213,306,1,300000,1,1,4,114,離反傾向,0
10214,306,1,300000,1,1,4,114,離反傾向,0
10215,306,1,300000,1,1,4,114,離反傾向,0
10216,306,1,300000,1,1,4,114,離反傾向,0
10217,306,1,300000,1,1,4,114,離反傾向,0
10218,306,1,300000,1,1,4,114,離反傾向,0
10219,306,1,300000,1,1,4,114,離反傾向,0
10220,306,1,300000,1,1,4,114,離反傾向,0
10221,306,1,300000,1,1,4,114,離反傾向,0
10222,306,1,300000,1,1,4,114,離反傾向,0
10223,306,1,300000,1,1,4,114,離反傾向,0
10224,306,1,300000,1,1,4,114,離反傾向,0
10225,306,1,300000,1,1,4,114,離反傾向,0
10226,306,1,300000,1,1,4,114,離反傾向,0
10227,306,1,300000,1,1,4,114,離反傾向,0
10228,306,1,300000,1,1,4,114,離反傾向,0
10229,306,1,300000,1,1,4,114,離反傾向,0
10230,306,1,300000,1,1,4,114,離反傾向,0
10231,306,1,300000,1,1,4,114,離反傾向,0
10232,306,1,300000,1,1,4,114,離反傾向,0
10233,306,1,300000,1,1,4,114,離反傾向,0
10234,306,1,300000,1,1,4,114,離反傾向,0
10235,306,1,300000,1,1,4,114,離反傾向,0
10236,306,1,300000,1,1,4,114,離反傾向,0
10237,306,1,300000,1,1,4,114,離反傾向,0
10238,306,1,300000,1,1,4,114,離反傾向,0
10239,306,1,300000,1,1,4,114,離反傾向,0
10240,306,1,300000,1,1,4,114,離反傾向,0
10241,306,1,300000,1,1,4,114,離反傾向,0
10242,306,1,300000,1,1,4,114,離反傾向,0
10243,306,1,300000,1,1,4,114,離反傾向,0
10244,306,1,300000,1,1,4,114,離反傾向,0
10245,306,1,300000,1,1,4,114,離反傾向,0
10246,306,1,300000,1,1,4,114,離反傾向,0
10247,306,1,300000,1,1,4,114,離反傾向,0
10248,306,1,300000,1,1,4,114,離反傾向,0
10249,306,1,300000,1,1,4,114,離反傾向,0
10250,306,1,300000,1,1,4,114,離反傾向,0
10251,306,1,300000,1,1,4,114,離反傾向,0
10252,306,1,300000,1,1,4,114,離反傾向,0
10253,306,1,300000,1,1,4,114,離反傾向,0
10254,306,1,300000,1,1,4,114,離反傾向,0
10255,306,1,300000,1,1,4,114,離反傾向,0
10256,306,1,300000,1,1,4,114,離反傾向,0
10257,306,1,300000,1,1,4,114,離反傾向,0
10258,306,1,300000,1,1,4,114,離反傾向,0
10259,306,1,300000,1,1,4,114,離反傾向,0
10260,306,1,300000,1,1,4,114,離反傾向,0
10261,306,1,300000,1,1,4,114,離反傾向,0
10262,306,1,300000,1,1,4,114,離反傾向,0
10263,306,1,300000,1,1,4,114,離反傾向,0
10264,306,1,300000,1,1,4,114,離反傾向,0
10265,306,1,300000,1,1,4,114,離反傾向,0
10266,306,1,300000,1,1,4,114,離反傾向,0
10267,306,1,300000,1,1,4,114,離反傾向,0
10268,306,1,300000,1,1,4,114,離反傾向,0
10269,306,1,300000,1,1,4,114,離反傾向,0
10270,306,1,300000,1,1,4,114,離反傾向,0
10271,306,1,300000,1,1,4,114,離反傾向,0
10272,306,1,300000,1,1,4,114,離反傾向,0
10273,306,1,300000,1,1,4,114,離反傾向,0
10274,306,1,300000,1,1,4,114,離反傾向,0
10275,306,1,300000,1,1,4,114,離反傾向,0
10276,306,1,300000,1,1,4,114,離反傾向,0
10277,306,1,300000,1,1,4,114,離反傾向,0
10278,306,1,300000,1,1,4,114,離反傾向,0
10279,306,1,300000,1,1,4,114,離反傾向,0
10280,306,1,300000,1,1,4,114,離反傾向,0
10281,306,1,300000,1,1,4,114,離反傾向,0
10282,306,1,300000,1,1,4,114,離反傾向,0
10283,306,1,300000,1,1,4,114,離反傾向,0
10284,276,1,300000,1,1,4,114,離反傾向,0
10285,276,1,300000,1,1,4,114,離反傾向,0
10286,276,1,300000,1,1,4,114,離反傾向,0
10287,276,1,300000,1,1,4,114,離反傾向,0
10288,276,1,300000,1,1,4,114,離反傾向,0
10289,276,1,300000,1,1,4,114,離反傾向,0
10290,276,1,300000,1,1,4,114,離反傾向,0
10291,276,1,300000,1,1,4,114,離反傾向,0
10292,276,1,300000,1,1,4,114,離反傾向,0
10293,276,1,300000,1,1,4,114,離反傾向,0
10294,276,1,300000,1,1,4,114,離反傾向,0
10295,276,1,300000,1,1,4,114,離反傾向,0
10296,276,1,300000,1,1,4,114,離反傾向,0
10297,276,1,300000,1,1,4,114,離反傾向,0
10298,276,1,300000,1,1,4,114,離反傾向,0
10299,276,1,300000,1,1,4,114,離反傾向,0
10300,276,1,300000,1,1,4,114,離反傾向,0
10301,276,1,126000,1,1,4,114,離反傾向,0
10302,276,1,126000,1,1,4,114,離反傾向,0
10303,276,1,126000,1,1,4,114,離反傾向,0
10304,276,1,126000,1,1,4,114,離反傾向,0
10305,276,1,126000,1,1,4,114,離反傾向,0
10306,276,1,126000,1,1,4,114,離反傾向,0
10307,276,1,126000,1,1,4,114,離反傾向,0
10308,276,1,126000,1,1,4,114,離反傾向,0
10309,276,1,126000,1,1,4,114,離反傾向,0
10310,276,1,126000,1,1,4,114,離反傾向,0
10311,276,1,126000,1,1,4,114,離反傾向,0
10312,276,1,126000,1,1,4,114,離反傾向,0
10313,276,1,126000,1,1,4,114,離反傾向,0
10314,276,1,126000,1,1,4,114,離反傾向,0
10315,276,1,126000,1,1,4,114,離反傾向,0
10316,276,1,126000,1,1,4,114,離反傾向,0
10317,276,1,126000,1,1,4,114,離反傾向,0
10318,276,1,126000,1,1,4,114,離反傾向,0
10319,276,1,126000,1,1,4,114,離反傾向,0
10320,276,1,126000,1,1,4,114,離反傾向,0
10321,276,1,126000,1,1,4,114,離反傾向,0
10322,276,1,126000,1,1,4,114,離反傾向,0
10323,276,1,126000,1,1,4,114,離反傾向,0
10324,276,1,126000,1,1,4,114,離反傾向,0
10325,276,1,126000,1,1,4,114,離反傾向,0
10326,276,1,126000,1,1,4,114,離反傾向,0
10327,276,1,126000,1,1,4,114,離反傾向,0
10328,276,1,126000,1,1,4,114,離反傾向,0
10329,276,1,126000,1,1,4,114,離反傾向,0
10330,276,1,126000,1,1,4,114,離反傾向,0
10331,276,1,126000,1,1,4,114,離反傾向,0
10332,276,1,126000,1,1,4,114,離反傾向,0
10333,276,1,126000,1,1,4,114,離反傾向,0
10334,276,1,126000,1,1,4,114,離反傾向,0
10335,276,1,126000,1,1,4,114,離反傾向,0
10336,276,1,126000,1,1,4,114,離反傾向,0
10337,276,1,126000,1,1,4,114,離反傾向,0
10338,276,1,126000,1,1,4,114,離反傾向,0
10339,276,1,126000,1,1,4,114,離反傾向,0
10340,276,1,126000,1,1,4,114,離反傾向,0
10341,276,1,126000,1,1,4,114,離反傾向,0
10342,276,1,126000,1,1,4,114,離反傾向,0
10343,276,1,126000,1,1,4,114,離反傾向,0
10344,276,1,126000,1,1,4,114,離反傾向,0
10345,276,1,126000,1,1,4,114,離反傾向,0
10346,276,1,126000,1,1,4,114,離反傾向,0
10347,276,1,126000,1,1,4,114,離反傾向,0
10348,276,1,126000,1,1,4,114,離反傾向,0
10349,276,1,126000,1,1,4,114,離反傾向,0
10350,276,1,126000,1,1,4,114,離反傾向,0
10351,276,1,126000,1,1,4,114,離反傾向,0
10352,276,1,126000,1,1,4,114,離反傾向,0
10353,276,1,126000,1,1,4,114,離反傾向,0
10354,276,1,126000,1,1,4,114,離反傾向,0
10355,276,1,126000,1,1,4,114,離反傾向,0
10356,276,1,126000,1,1,4,114,離反傾向,0
10357,276,1,126000,1,1,4,114,離反傾向,0
10358,276,1,126000,1,1,4,114,離反傾向,0
10359,276,1,126000,1,1,4,114,離反傾向,0
10360,276,1,126000,1,1,4,114,離反傾向,0
10361,276,1,126000,1,1,4,114,離反傾向,0
10362,276,1,126000,1,1,4,114,離反傾向,0
10363,276,1,126000,1,1,4,114,離反傾向,0
10364,276,1,126000,1,1,4,114,離反傾向,0
10365,276,1,126000,1,1,4,114,離反傾向,0
10366,245,1,126000,2,1,4,214,離反傾向,0
10367,245,1,126000,2,1,4,214,離反傾向,0
10368,245,1,126000,2,1,4,214,離反傾向,0
10369,245,1,126000,2,1,4,214,離反傾向,0
10370,245,1,126000,2,1,4,214,離反傾向,0
10371,245,1,126000,2,1,4,214,離反傾向,0
10372,245,1,126000,2,1,4,214,離反傾向,0
10373,245,1,126000,2,1,4,214,離反傾向,0
10374,245,1,126000,2,1,4,214,離反傾向,0
10375,245,1,126000,2,1,4,214,離反傾向,0
10376,245,1,126000,2,1,4,214,離反傾向,0
10377,245,1,126000,2,1,4,214,離反傾向,0
10378,245,1,126000,2,1,4,214,離反傾向,0
10379,245,1,126000,2,1,4,214,離反傾向,0
10380,245,1,126000,2,1,4,214,離反傾向,0
10381,245,1,126000,2,1,4,214,離反傾向,0
10382,245,1,126000,2,1,4,214,離反傾向,0
10383,245,1,126000,2,1,4,214,離反傾向,0
10384,245,1,126000,2,1,4,214,離反傾向,0
10385,245,1,126000,2,1,4,214,離反傾向,0
10386,245,1,126000,2,1,4,214,離反傾向,0
10387,245,1,126000,2,1,4,214,離反傾向,0
10388,245,1,126000,2,1,4,214,離反傾向,0
10389,245,1,126000,2,1,4,214,離反傾向,0
10390,245,1,126000,2,1,4,214,離反傾向,0
10391,245,1,126000,2,1,4,214,離反傾向,0
10392,245,1,126000,2,1,4,214,離反傾向,0
10393,245,1,126000,2,1,4,214,離反傾向,0
10394,245,1,126000,2,1,4,214,離反傾向,0
10395,245,1,126000,2,1,4,214,離反傾向,0
10396,245,1,126000,2,1,4,214,離反傾向,0
10397,245,1,126000,2,1,4,214,離反傾向,0
10398,245,1,126000,2,1,4,214,離反傾向,0
10399,245,1,126000,2,1,4,214,離反傾向,0
10400,245,1,126000,2,1,4,214,離反傾向,0
10401,245,1,101000,2,1,3,213,離反傾向,0
10402,245,1,101000,2,1,3,213,離反傾向,0
10403,245,1,101000,2,1,3,213,離反傾向,0
10404,245,1,101000,2,1,3,213,離反傾向,0
10405,245,1,101000,2,1,3,213,離反傾向,0
10406,245,1,101000,2,1,3,213,離反傾向,0
10407,245,1,101000,2,1,3,213,離反傾向,0
10408,245,1,101000,2,1,3,213,離反傾向,0
10409,245,1,101000,2,1,3,213,離反傾向,0
10410,245,1,101000,2,1,3,213,離反傾向,0
10411,245,1,101000,2,1,3,213,離反傾向,0
10412,245,1,101000,2,1,3,213,離反傾向,0
10413,245,1,101000,2,1,3,213,離反傾向,0
10414,245,1,101000,2,1,3,213,離反傾向,0
10415,245,1,101000,2,1,3,213,離反傾向,0
10416,245,1,101000,2,1,3,213,離反傾向,0
10417,245,1,101000,2,1,3,213,離反傾向,0
10418,245,1,101000,2,1,3,213,離反傾向,0
10419,245,1,101000,2,1,3,213,離反傾向,0
10420,245,1,101000,2,1,3,213,離反傾向,0
10421,245,1,101000,2,1,3,213,離反傾向,0
10422,245,1,101000,2,1,3,213,離反傾向,0
10423,245,1,101000,2,1,3,213,離反傾向,0
10424,245,1,101000,2,1,3,213,離反傾向,0
10425,245,1,101000,2,1,3,213,離反傾向,0
10426,245,1,101000,2,1,3,213,離反傾向,0
10427,245,1,101000,2,1,3,213,離反傾向,0
10428,245,1,101000,2,1,3,213,離反傾向,0
10429,245,1,101000,2,1,3,213,離反傾向,0
10430,245,1,101000,2,1,3,213,離反傾向,0
10431,245,1,101000,2,1,3,213,離反傾向,0
10432,245,1,101000,2,1,3,213,離反傾向,0
10433,245,1,101000,2,1,3,213,離反傾向,0
10434,245,1,101000,2,1,3,213,離反傾向,0
10435,245,1,101000,2,1,3,213,離反傾向,0
10436,245,1,101000,2,1,3,213,離反傾向,0
10437,245,1,101000,2,1,3,213,離反傾向,0
10438,245,1,101000,2,1,3,213,離反傾向,0
10439,245,1,101000,2,1,3,213,離反傾向,0
10440,245,1,101000,2,1,3,213,離反傾向,0
10441,245,1,101000,2,1,3,213,離反傾向,0
10442,245,1,101000,2,1,3,213,離反傾向,0
10443,245,1,101000,2,1,3,213,離反傾向,0
10444,245,1,101000,2,1,3,213,離反傾向,0
10445,245,1,101000,2,1,3,213,離反傾向,0
10446,245,1,101000,2,1,3,213,離反傾向,0
10447,245,1,101000,2,1,3,213,離反傾向,0
10448,245,1,101000,2,1,3,213,離反傾向,0
10449,245,1,101000,2,1,3,213,離反傾向,0
10450,245,1,101000,2,1,3,213,離反傾向,0
10451,245,1,101000,2,1,3,213,離反傾向,0
10452,245,1,101000,2,1,3,213,離反傾向,0
10453,245,1,101000,2,1,3,213,離反傾向,0
10454,245,1,101000,2,1,3,213,離反傾向,0
10455,245,1,101000,2,1,3,213,離反傾向,0
10456,245,1,101000,2,1,3,213,離反傾向,0
10457,245,1,101000,2,1,3,213,離反傾向,0
10458,245,1,101000,2,1,3,213,離反傾向,0
10459,245,1,101000,2,1,3,213,離反傾向,0
10460,245,1,101000,2,1,3,213,離反傾向,0
10461,245,1,101000,2,1,3,213,離反傾向,0
10462,245,1,101000,2,1,3,213,離反傾向,0
10463,245,1,101000,2,1,3,213,離反傾向,0
10464,245,1,101000,2,1,3,213,離反傾向,0
10465,245,1,101000,2,1,3,213,離反傾向,0
10466,245,1,101000,2,1,3,213,離反傾向,0
10467,245,1,101000,2,1,3,213,離反傾向,0
10468,245,1,101000,2,1,3,213,離反傾向,0
10469,245,1,101000,2,1,3,213,離反傾向,0
10470,245,1,101000,2,1,3,213,離反傾向,0
10471,245,1,101000,2,1,3,213,離反傾向,0
10472,245,1,101000,2,1,3,213,離反傾向,0
10473,245,1,101000,2,1,3,213,離反傾向,0
10474,245,1,101000,2,1,3,213,離反傾向,0
10475,245,1,101000,2,1,3,213,離反傾向,0
10476,245,1,101000,2,1,3,213,離反傾向,0
10477,245,1,101000,2,1,3,213,離反傾向,0
10478,245,1,101000,2,1,3,213,離反傾向,0
10479,245,1,101000,2,1,3,213,離反傾向,0
10480,245,1,101000,2,1,3,213,離反傾向,0
10481,245,1,101000,2,1,3,213,離反傾向,0
10482,245,1,101000,2,1,3,213,離反傾向,0
10483,245,1,101000,2,1,3,213,離反傾向,0
10484,245,1,101000,2,1,3,213,離反傾向,0
10485,245,1,101000,2,1,3,213,離反傾向,0
10486,245,1,101000,2,1,3,213,離反傾向,0
10487,245,1,101000,2,1,3,213,離反傾向,0
10488,245,1,101000,2,1,3,213,離反傾向,0
10489,245,1,101000,2,1,3,213,離反傾向,0
10490,245,1,101000,2,1,3,213,離反傾向,0
10491,245,1,101000,2,1,3,213,離反傾向,0
10492,245,1,101000,2,1,3,213,離反傾向,0
10493,245,1,101000,2,1,3,213,離反傾向,0
10494,245,1,101000,2,1,3,213,離反傾向,0
10495,245,1,101000,2,1,3,213,離反傾向,0
10496,245,1,101000,2,1,3,213,離反傾向,0
10497,245,1,101000,2,1,3,213,離反傾向,0
10498,245,1,101000,2,1,3,213,離反傾向,0
10499,245,1,101000,2,1,3,213,離反傾向,0
10500,245,1,101000,2,1,3,213,離反傾向,0
10501,245,1,80000,2,1,3,213,離反傾向,0
10502,245,1,80000,2,1,3,213,離反傾向,0
10503,245,1,80000,2,1,3,213,離反傾向,0
10504,245,1,80000,2,1,3,213,離反傾向,0
10505,245,1,80000,2,1,3,213,離反傾向,0
10506,245,1,80000,2,1,3,213,離反傾向,0
10507,245,1,80000,2,1,3,213,離反傾向,0
10508,245,1,80000,2,1,3,213,離反傾向,0
10509,245,1,80000,2,1,3,213,離反傾向,0
10510,245,1,80000,2,1,3,213,離反傾向,0
10511,245,1,80000,2,1,3,213,離反傾向,0
10512,245,1,80000,2,1,3,213,離反傾向,0
10513,245,1,80000,2,1,3,213,離反傾向,0
10514,245,1,80000,2,1,3,213,離反傾向,0
10515,245,1,80000,2,1,3,213,離反傾向,0
10516,245,1,80000,2,1,3,213,離反傾向,0
10517,245,1,80000,2,1,3,213,離反傾向,0
10518,245,1,80000,2,1,3,213,離反傾向,0
10519,245,1,80000,2,1,3,213,離反傾向,0
10520,245,1,80000,2,1,3,213,離反傾向,0
10521,245,1,80000,2,1,3,213,離反傾向,0
10522,245,1,80000,2,1,3,213,離反傾向,0
10523,245,1,80000,2,1,3,213,離反傾向,0
10524,245,1,80000,2,1,3,213,離反傾向,0
10525,245,1,80000,2,1,3,213,離反傾向,0
10526,245,1,80000,2,1,3,213,離反傾向,0
10527,245,1,80000,2,1,3,213,離反傾向,0
10528,245,1,80000,2,1,3,213,離反傾向,0
10529,245,1,80000,2,1,3,213,離反傾向,0
10530,245,1,80000,2,1,3,213,離反傾向,0
10531,245,1,80000,2,1,3,213,離反傾向,0
10532,245,1,80000,2,1,3,213,離反傾向,0
10533,245,1,80000,2,1,3,213,離反傾向,0
10534,153,1,80000,3,1,3,313,その他,3
10535,153,1,80000,3,1,3,313,その他,3
10536,153,1,80000,3,1,3,313,その他,3
10537,153,1,80000,3,1,3,313,その他,3
10538,153,1,80000,3,1,3,313,その他,3
10539,153,1,80000,3,1,3,313,その他,3
10540,153,1,80000,3,1,3,313,その他,3
10541,153,1,80000,3,1,3,313,その他,3
10542,153,1,80000,3,1,3,313,その他,3
10543,153,1,80000,3,1,3,313,その他,3
10544,153,1,80000,3,1,3,313,その他,3
10545,153,1,80000,3,1,3,313,その他,3
10546,153,1,80000,3,1,3,313,その他,3
10547,153,1,80000,3,1,3,313,その他,3
10548,153,1,80000,3,1,3,313,その他,3
10549,153,1,80000,3,1,3,313,その他,3
10550,153,1,80000,3,1,3,313,その他,3
10551,153,1,80000,3,1,3,313,その他,3
10552,153,1,80000,3,1,3,313,その他,3
10553,153,1,80000,3,1,3,313,その他,3
10554,153,1,80000,3,1,3,313,その他,3
10555,153,1,80000,3,1,3,313,その他,3
10556,153,1,80000,3,1,3,313,その他,3
10557,153,1,80000,3,1,3,313,その他,3
10558,153,1,80000,3,1,3,313,その他,3
10559,153,1,80000,3,1,3,313,その他,3
10560,153,1,80000,3,1,3,313,その他,3
10561,153,1,80000,3,1,3,313,その他,3
10562,153,1,80000,3,1,3,313,その他,3
10563,153,1,80000,3,1,3,313,その他,3
10564,153,1,80000,3,1,3,313,その他,3
10565,153,1,80000,3,1,3,313,その他,3
10566,153,1,80000,3,1,3,313,その他,3
10567,153,1,80000,3,1,3,313,その他,3
10568,153,1,80000,3,1,3,313,その他,3
10569,153,1,80000,3,1,3,313,その他,3
10570,153,1,80000,3,1,3,313,その他,3
10571,153,1,80000,3,1,3,313,その他,3
10572,153,1,80000,3,1,3,313,その他,3
10573,153,1,80000,3,1,3,313,その他,3
10574,153,1,80000,3,1,3,313,その他,3
10575,153,1,80000,3,1,3,313,その他,3
10576,153,1,80000,3,1,3,313,その他,3
10577,153,1,80000,3,1,3,313,その他,3
10578,153,1,80000,3,1,3,313,その他,3
10579,153,1,80000,3,1,3,313,その他,3
10580,153,1,80000,3,1,3,313,その他,3
10581,153,1,80000,3,1,3,313,その他,3
10582,153,1,80000,3,1,3,313,その他,3
10583,153,1,80000,3,1,3,313,その他,3
10584,153,1,80000,3,1,3,313,その他,3
10585,153,1,80000,3,1,3,313,その他,3
10586,153,1,80000,3,1,3,313,その他,3
10587,153,1,80000,3,1,3,313,その他,3
10588,153,1,80000,3,1,3,313,その他,3
10589,153,1,80000,3,1,3,313,その他,3
10590,153,1,80000,3,1,3,313,その他,3
10591,153,1,80000,3,1,3,313,その他,3
10592,153,1,80000,3,1,3,313,その他,3
10593,153,1,80000,3,1,3,313,その他,3
10594,153,1,80000,3,1,3,313,その他,3
10595,153,1,80000,3,1,3,313,その他,3
10596,153,1,80000,3,1,3,313,その他,3
10597,153,1,80000,3,1,3,313,その他,3
10598,153,1,80000,3,1,3,313,その他,3
10599,153,1,80000,3,1,3,313,その他,3
10600,153,1,80000,3,1,3,313,その他,3
10601,153,1,60000,3,1,2,312,その他,3
10602,153,1,60000,3,1,2,312,その他,3
10603,153,1,60000,3,1,2,312,その他,3
10604,153,1,60000,3,1,2,312,その他,3
10605,153,1,60000,3,1,2,312,その他,3
10606,153,1,60000,3,1,2,312,その他,3
10607,153,1,60000,3,1,2,312,その他,3
10608,153,1,60000,3,1,2,312,その他,3
10609,153,1,60000,3,1,2,312,その他,3
10610,153,1,60000,3,1,2,312,その他,3
10611,153,1,60000,3,1,2,312,その他,3
10612,123,1,60000,4,1,2,412,新規顧客,3
10613,123,1,60000,4,1,2,412,新規顧客,3
10614,123,1,60000,4,1,2,412,新規顧客,3
10615,123,1,60000,4,1,2,412,新規顧客,3
10616,123,1,60000,4,1,2,412,新規顧客,3
10617,123,1,60000,4,1,2,412,新規顧客,3
10618,123,1,60000,4,1,2,412,新規顧客,3
10619,123,1,60000,4,1,2,412,新規顧客,3
10620,123,1,60000,4,1,2,412,新規顧客,3
10621,123,1,60000,4,1,2,412,新規顧客,3
10622,123,1,60000,4,1,2,412,新規顧客,3
10623,123,1,60000,4,1,2,412,新規顧客,3
10624,123,1,60000,4,1,2,412,新規顧客,3
10625,123,1,60000,4,1,2,412,新規顧客,3
10626,123,1,60000,4,1,2,412,新規顧客,3
10627,123,1,60000,4,1,2,412,新規顧客,3
10628,123,1,60000,4,1,2,412,新規顧客,3
10629,123,1,60000,4,1,2,412,新規顧客,3
10630,123,1,60000,4,1,2,412,新規顧客,3
10631,123,1,60000,4,1,2,412,新規顧客,3
10632,123,1,60000,4,1,2,412,新規顧客,3
10633,123,1,60000,4,1,2,412,新規顧客,3
10634,123,1,60000,4,1,2,412,新規顧客,3
10635,123,1,60000,4,1,2,412,新規顧客,3
10636,123,1,60000,4,1,2,412,新規顧客,3
10637,123,1,60000,4,1,2,412,新規顧客,3
10638,123,1,60000,4,1,2,412,新規顧客,3
10639,123,1,60000,4,1,2,412,新規顧客,3
10640,123,1,60000,4,1,2,412,新規顧客,3
10641,123,1,60000,4,1,2,412,新規顧客,3
10642,123,1,60000,4,1,2,412,新規顧客,3
10643,123,1,60000,4,1,2,412,新規顧客,3
10644,123,1,60000,4,1,2,412,新規顧客,3
10645,123,1,60000,4,1,2,412,新規顧客,3
10646,123,1,60000,4,1,2,412,新規顧客,3
10647,123,1,60000,4,1,2,412,新規顧客,3
10648,123,1,60000,4,1,2,412,新規顧客,3
10649,123,1,60000,4,1,2,412,新規顧客,3
10650,123,1,60000,4,1,2,412,新規顧客,3
10651,123,1,60000,4,1,2,412,新規顧客,3
10652,123,1,60000,4,1,2,412,新規顧客,3
10653,123,1,60000,4,1,2,412,新規顧客,3
10654,123,1,60000,4,1,2,412,新規顧客,3
10655,123,1,60000,4,1,2,412,新規顧客,3
10656,123,1,60000,4,1,2,412,新規顧客,3
10657,123,1,60000,4,1,2,412,新規顧客,3
10658,123,1,60000,4,1,2,412,新規顧客,3
10659,123,1,60000,4,1,2,412,新規顧客,3
10660,123,1,60000,4,1,2,412,新規顧客,3
10661,123,1,60000,4,1,2,412,新規顧客,3
10662,123,1,60000,4,1,2,412,新規顧客,3
10663,123,1,60000,4,1,2,412,新規顧客,3
10664,123,1,60000,4,1,2,412,新規顧客,3
10665,123,1,60000,4,1,2,412,新規顧客,3
10666,123,1,60000,4,1,2,412,新規顧客,3
10667,123,1,60000,4,1,2,412,新規顧客,3
10668,123,1,60000,4,1,2,412,新規顧客,3
10669,123,1,60000,4,1,2,412,新規顧客,3
10670,123,1,60000,4,1,2,412,新規顧客,3
10671,123,1,60000,4,1,2,412,新規顧客,3
10672,123,1,60000,4,1,2,412,新規顧客,3
10673,123,1,60000,4,1,2,412,新規顧客,3
10674,123,1,60000,4,1,2,412,新規顧客,3
10675,123,1,60000,4,1,2,412,新規顧客,3
10676,123,1,60000,4,1,2,412,新規顧客,3
10677,123,1,60000,4,1,2,412,新規顧客,3
10678,123,1,60000,4,1,2,412,新規顧客,3
10679,123,1,60000,4,1,2,412,新規顧客,3
10680,123,1,60000,4,1,2,412,新規顧客,3
10681,123,1,60000,4,1,2,412,新規顧客,3
10682,123,1,60000,4,1,2,412,新規顧客,3
10683,123,1,60000,4,1,2,412,新規顧客,3
10684,123,1,60000,4,1,2,412,新規顧客,3
10685,123,1,60000,4,1,2,412,新規顧客,3
10686,123,1,60000,4,1,2,412,新規顧客,3
10687,123,1,60000,4,1,2,412,新規顧客,3
10688,123,1,60000,4,1,2,412,新規顧客,3
10689,123,1,60000,4,1,2,412,新規顧客,3
10690,123,1,60000,4,1,2,412,新規顧客,3
10691,123,1,60000,4,1,2,412,新規顧客,3
10692,123,1,60000,4,1,2,412,新規顧客,3
10693,123,1,60000,4,1,2,412,新規顧客,3
10694,123,1,60000,4,1,2,412,新規顧客,3
10695,123,1,60000,4,1,2,412,新規顧客,3
10696,123,1,60000,4,1,2,412,新規顧客,3
10697,123,1,60000,4,1,2,412,新規顧客,3
10698,123,1,60000,4,1,2,412,新規顧客,3
10699,123,1,60000,4,1,2,412,新規顧客,3
10700,123,1,60000,4,1,2,412,新規顧客,3
10701,123,1,44000,4,1,2,412,新規顧客,3
10702,123,1,44000,4,1,2,412,新規顧客,3
10703,123,1,44000,4,1,2,412,新規顧客,3
10704,123,1,44000,4,1,2,412,新規顧客,3
10705,123,1,44000,4,1,2,412,新規顧客,3
10706,123,1,44000,4,1,2,412,新規顧客,3
10707,123,1,44000,4,1,2,412,新規顧客,3
10708,123,1,44000,4,1,2,412,新規顧客,3
10709,123,1,44000,4,1,2,412,新規顧客,3
10710,123,1,44000,4,1,2,412,新規顧客,3
10711,123,1,44000,4,1,2,412,新規顧客,3
10712,123,1,44000,4,1,2,412,新規顧客,3
10713,123,1,44000,4,1,2,412,新規顧客,3
10714,123,1,44000,4,1,2,412,新規顧客,3
10715,123,1,44000,4,1,2,412,新規顧客,3
10716,123,1,44000,4,1,2,412,新規顧客,3
10717,123,1,44000,4,1,2,412,新規顧客,3
10718,92,1,44000,4,1,2,412,新規顧客,3
10719,92,1,44000,4,1,2,412,新規顧客,3
10720,92,1,44000,4,1,2,412,新規顧客,3
10721,92,1,44000,4,1,2,412,新規顧客,3
10722,92,1,44000,4,1,2,412,新規顧客,3
10723,92,1,44000,4,1,2,412,新規顧客,3
10724,92,1,44000,4,1,2,412,新規顧客,3
10725,92,1,44000,4,1,2,412,新規顧客,3
10726,92,1,44000,4,1,2,412,新規顧客,3
10727,92,1,44000,4,1,2,412,新規顧客,3
10728,92,1,44000,4,1,2,412,新規顧客,3
10729,92,1,44000,4,1,2,412,新規顧客,3
10730,92,1,44000,4,1,2,412,新規顧客,3
10731,92,1,44000,4,1,2,412,新規顧客,3
10732,92,1,44000,4,1,2,412,新規顧客,3
10733,92,1,44000,4,1,2,412,新規顧客,3
10734,92,1,44000,4,1,2,412,新規顧客,3
10735,92,1,44000,4,1,2,412,新規顧客,3
10736,92,1,44000,4,1,2,412,新規顧客,3
10737,92,1,44000,4,1,2,412,新規顧客,3
10738,92,1,44000,4,1,2,412,新規顧客,3
10739,92,1,44000,4,1,2,412,新規顧客,3
10740,92,1,44000,4,1,2,412,新規顧客,3
10741,92,1,44000,4,1,2,412,新規顧客,3
10742,92,1,44000,4,1,2,412,新規顧客,3
10743,92,1,44000,4,1,2,412,新規顧客,3
10744,92,1,44000,4,1,2,412,新規顧客,3
10745,92,1,44000,4,1,2,412,新規顧客,3
10746,92,1,44000,4,1,2,412,新規顧客,3
10747,92,1,44000,4,1,2,412,新規顧客,3
10748,92,1,44000,4,1,2,412,新規顧客,3
10749,92,1,44000,4,1,2,412,新規顧客,3
10750,92,1,44000,4,1,2,412,新規顧客,3
10751,92,1,44000,4,1,2,412,新規顧客,3
10752,92,1,44000,4,1,2,412,新規顧客,3
10753,92,1,44000,4,1,2,412,新規顧客,3
10754,92,1,44000,4,1,2,412,新規顧客,3
10755,92,1,44000,4,1,2,412,新規顧客,3
10756,92,1,44000,4,1,2,412,新規顧客,3
10757,92,1,44000,4,1,2,412,新規顧客,3
10758,92,1,44000,4,1,2,412,新規顧客,3
10759,92,1,44000,4,1,2,412,新規顧客,3
10760,92,1,44000,4,1,2,412,新規顧客,3
10761,92,1,44000,4,1,2,412,新規顧客,3
10762,92,1,44000,4,1,2,412,新規顧客,3
10763,92,1,44000,4,1,2,412,新規顧客,3
10764,92,1,44000,4,1,2,412,新規顧客,3
10765,92,1,44000,4,1,2,412,新規顧客,3
10766,92,1,44000,4,1,2,412,新規顧客,3
10767,92,1,44000,4,1,2,412,新規顧客,3
10768,92,1,44000,4,1,2,412,新規顧客,3
10769,92,1,44000,4,1,2,412,新規顧客,3
10770,92,1,44000,4,1,2,412,新規顧客,3
10771,92,1,44000,4,1,2,412,新規顧客,3
10772,92,1,44000,4,1,2,412,新規顧客,3
10773,92,1,44000,4,1,2,412,新規顧客,3
10774,92,1,44000,4,1,2,412,新規顧客,3
10775,92,1,44000,4,1,2,412,新規顧客,3
10776,92,1,44000,4,1,2,412,新規顧客,3
10777,92,1,44000,4,1,2,412,新規顧客,3
10778,92,1,44000,4,1,2,412,新規顧客,3
10779,92,1,44000,4,1,2,412,新規顧客,3
10780,92,1,44000,4,1,2,412,新規顧客,3
10781,92,1,44000,4,1,2,412,新規顧客,3
10782,92,1,44000,4,1,2,412,新規顧客,3
10783,92,1,44000,4,1,2,412,新規顧客,3
10784,92,1,44000,4,1,2,412,新規顧客,3
10785,92,1,44000,4,1,2,412,新規顧客,3
10786,92,1,44000,4,1,2,412,新規顧客,3
10787,92,1,44000,4,1,2,412,新規顧客,3
10788,92,1,44000,4,1,2,412,新規顧客,3
10789,92,1,44000,4,1,2,412,新規顧客,3
10790,92,1,44000,4,1,2,412,新規顧客,3
10791,92,1,44000,4,1,2,412,新規顧客,3
10792,92,1,44000,4,1,2,412,新規顧客,3
10793,92,1,44000,4,1,2,412,新規顧客,3
10794,92,1,44000,4,1,2,412,新規顧客,3
10795,92,1,44000,4,1,2,412,新規顧客,3
10796,92,1,44000,4,1,2,412,新規顧客,3
10797,92,1,44000,4,1,2,412,新規顧客,3
10798,92,1,44000,4,1,2,412,新規顧客,3
10799,92,1,44000,4,1,2,412,新規顧客,3
10800,92,1,44000,4,1,2,412,新規顧客,3
10801,92,1,30000,4,1,1,411,新規顧客,1
10802,92,1,30000,4,1,1,411,新規顧客,1
10803,92,1,30000,4,1,1,411,新規顧客,1
10804,92,1,30000,4,1,1,411,新規顧客,1
10805,92,1,30000,4,1,1,411,新規顧客,1
10806,92,1,30000,4,1,1,411,新規顧客,1
10807,92,1,30000,4,1,1,411,新規顧客,1
10808,92,1,30000,4,1,1,411,新規顧客,1
10809,92,1,30000,4,1,1,411,新規顧客,1
10810,92,1,30000,4,1,1,411,新規顧客,1
10811,92,1,30000,4,1,1,411,新規顧客,1
10812,62,1,30000,5,1,1,511,新規顧客,1
10813,62,1,30000,5,1,1,511,新規顧客,1
10814,62,1,30000,5,1,1,511,新規顧客,1
10815,62,1,30000,5,1,1,511,新規顧客,1
10816,62,1,30000,5,1,1,511,新規顧客,1
10817,62,1,30000,5,1,1,511,新規顧客,1
10818,62,1,30000,5,1,1,511,新規顧客,1
10819,62,1,30000,5,1,1,511,新規顧客,1
10820,62,1,30000,5,1,1,511,新規顧客,1
10821,62,1,30000,5,1,1,511,新規顧客,1
10822,62,1,30000,5,1,1,511,新規顧客,1
10823,62,1,30000,5,1,1,511,新規顧客,1
10824,62,1,30000,5,1,1,511,新規顧客,1
10825,62,1,30000,5,1,1,511,新規顧客,1
10826,62,1,30000,5,1,1,511,新規顧客,1
10827,62,1,30000,5,1,1,511,新規顧客,1
10828,62,1,30000,5,1,1,511,新規顧客,1
10829,62,1,30000,5,1,1,511,新規顧客,1
10830,62,1,30000,5,1,1,511,新規顧客,1
10831,62,1,30000,5,1,1,511,新規顧客,1
10832,62,1,30000,5,1,1,511,新規顧客,1
10833,62,1,30000,5,1,1,511,新規顧客,1
10834,62,1,30000,5,1,1,511,新規顧客,1
10835,62,1,30000,5,1,1,511,新規顧客,1
10836,62,1,30000,5,1,1,511,新規顧客,1
10837,62,1,30000,5,1,1,511,新規顧客,1
10838,62,1,30000,5,1,1,511,新規顧客,1
10839,62,1,30000,5,1,1,511,新規顧客,1
10840,62,1,30000,5,1,1,511,新規顧客,1
10841,62,1,30000,5,1,1,511,新規顧客,1
10842,62,1,30000,5,1,1,511,新規顧客,1
10843,62,1,30000,5,1,1,511,新規顧客,1
10844,62,1,30000,5,1,1,511,新規顧客,1
10845,62,1,30000,5,1,1,511,新規顧客,1
10846,62,1,30000,5,1,1,511,新規顧客,1
10847,62,1,30000,5,1,1,511,新規顧客,1
10848,62,1,30000,5,1,1,511,新規顧客,1
10849,62,1,30000,5,1,1,511,新規顧客,1
10850,62,1,30000,5,1,1,511,新規顧客,1
10851,62,1,30000,5,1,1,511,新規顧客,1
10852,62,1,30000,5,1,1,511,新規顧客,1
10853,62,1,30000,5,1,1,511,新規顧客,1
10854,62,1,30000,5,1,1,511,新規顧客,1
10855,62,1,30000,5,1,1,511,新規顧客,1
10856,62,1,30000,5,1,1,511,新規顧客,1
10857,62,1,30000,5,1,1,511,新規顧客,1
10858,62,1,30000,5,1,1,511,新規顧客,1
10859,62,1,30000,5,1,1,511,新規顧客,1
10860,62,1,30000,5,1,1,511,新規顧客,1
10861,62,1,30000,5,1,1,511,新規顧客,1
10862,62,1,30000,5,1,1,511,新規顧客,1
10863,62,1,30000,5,1,1,511,新規顧客,1
10864,62,1,30000,5,1,1,511,新規顧客,1
10865,62,1,30000,5,1,1,511,新規顧客,1
10866,62,1,30000,5,1,1,511,新規顧客,1
10867,62,1,30000,5,1,1,511,新規顧客,1
10868,62,1,30000,5,1,1,511,新規顧客,1
10869,62,1,30000,5,1,1,511,新規顧客,1
10870,62,1,30000,5,1,1,511,新規顧客,1
10871,62,1,30000,5,1,1,511,新規顧客,1
10872,62,1,30000,5,1,1,511,新規顧客,1
10873,62,1,30000,5,1,1,511,新規顧客,1
10874,62,1,30000,5,1,1,511,新規顧客,1
10875,62,1,30000,5,1,1,511,新規顧客,1
10876,62,1,30000,5,1,1,511,新規顧客,1
10877,62,1,30000,5,1,1,511,新規顧客,1
10878,62,1,30000,5,1,1,511,新規顧客,1
10879,62,1,30000,5,1,1,511,新規顧客,1
10880,62,1,30000,5,1,1,511,新規顧客,1
10881,62,1,30000,5,1,1,511,新規顧客,1
10882,62,1,30000,5,1,1,511,新規顧客,1
10883,62,1,30000,5,1,1,511,新規顧客,1
10884,62,1,30000,5,1,1,511,新規顧客,1
10885,62,1,30000,5,1,1,511,新規顧客,1
10886,62,1,30000,5,1,1,511,新規顧客,1
10887,62,1,30000,5,1,1,511,新規顧客,1
10888,62,1,30000,5,1,1,511,新規顧客,1
10889,62,1,30000,5,1,1,511,新規顧客,1
10890,62,1,30000,5,1,1,511,新規顧客,1
10891,62,1,30000,5,1,1,511,新規顧客,1
10892,62,1,30000,5,1,1,511,新規顧客,1
10893,62,1,30000,5,1,1,511,新規顧客,1
10894,62,1,30000,5,1,1,511,新規顧客,1
10895,62,1,30000,5,1,1,511,新規顧客,1
10896,62,1,30000,5,1,1,511,新規顧客,1
10897,62,1,30000,5,1,1,511,新規顧客,1
10898,62,1,30000,5,1,1,511,新規顧客,1
10899,62,1,30000,5,1,1,511,新規顧客,1
10900,62,1,30000,5,1,1,511,新規顧客,1
10901,0,1,15000,5,1,1,511,新規顧客,1
10902,0,1,15000,5,1,1,511,新規顧客,1
10903,0,1,15000,5,1,1,511,新規顧客,1
10904,0,1,15000,5,1,1,511,新規顧客,1
10905,0,1,15000,5,1,1,511,新規顧客,1
10906,0,1,15000,5,1,1,511,新規顧客,1
10907,0,1,15000,5,1,1,511,新規顧客,1
10908,0,1,15000,5,1,1,511,新規顧客,1
10909,0,1,15000,5,1,1,511,新規顧客,1
10910,0,1,15000,5,1,1,511,新規顧客,1
10911,0,1,15000,5,1,1,511,新規顧客,1
10912,0,1,15000,5,1,1,511,新規顧客,1
10913,0,1,15000,5,1,1,511,新規顧客,1
10914,0,1,15000,5,1,1,511,新規顧客,1
10915,0,1,15000,5,1,1,511,新規顧客,1
10916,0,1,15000,5,1,1,511,新規顧客,1
10917,0,1,15000,5,1,1,511,新規顧客,1
10918,0,1,15000,5,1,1,511,新規顧客,1
10919,0,1,15000,5,1,1,511,新規顧客,1
10920,0,1,15000,5,1,1,511,新規顧客,1
10921,0,1,15000,5,1,1,511,新規顧客,1
10922,0,1,15000,5,1,1,511,新規顧客,1
10923,0,1,15000,5,1,1,511,新規顧客,1
10924,0,1,15000,5,1,1,511,新規顧客,1
10925,0,1,15000,5,1,1,511,新規顧客,1
10926,0,1,15000,5,1,1,511,新規顧客,1
10927,0,1,15000,5,1,1,511,新規顧客,1
10928,0,1,15000,5,1,1,511,新規顧客,1
10929,0,1,15000,5,1,1,511,新規顧客,1
10930,0,1,15000,5,1,1,511,新規顧客,1
10931,0,1,15000,5,1,1,511,新規顧客,1
10932,0,1,15000,5,1,1,511,新規顧客,1
10933,0,1,15000,5,1,1,511,新規顧客,1
10934,0,1,15000,5,1,1,511,新規顧客,1
10935,0,1,15000,5,1,1,511,新規顧客,1
10936,0,1,15000,5,1,1,511,新規顧客,1
10937,0,1,15000,5,1,1,511,新規顧客,1
10938,0,1,15000,5,1,1,511,新規顧客,1
10939,0,1,15000,5,1,1,511,新規顧客,1
10940,0,1,15000,5,1,1,511,新規顧客,1
10941,0,1,15000,5,1,1,511,新規顧客,1
10942,0,1,15000,5,1,1,511,新規顧客,1
10943,0,1,15000,5,1,1,511,新規顧客,1
10944,0,1,15000,5,1,1,511,新規顧客,1
10945,0,1,15000,5,1,1,511,新規顧客,1
10946,0,1,15000,5,1,1,511,新規顧客,1
10947,0,1,15000,5,1,1,511,新規顧客,1
10948,0,1,15000,5,1,1,511,新規顧客,1
10949,0,1,15000,5,1,1,511,新規顧客,1
10950,0,1,15000,5,1,1,511,新規顧客,1
10951,0,1,15000,5,1,1,511,新規顧客,1
10952,0,1,15000,5,1,1,511,新規顧客,1
10953,0,1,15000,5,1,1,511,新規顧客,1
10954,0,1,15000,5,1,1,511,新規顧客,1
10955,0,1,15000,5,1,1,511,新規顧客,1
10956,0,1,15000,5,1,1,511,新規顧客,1
10957,184,1,15000,3,1,1,311,その他,3
10958,184,1,15000,3,1,1,311,その他,3
10959,184,1,15000,3,1,1,311,その他,3
10960,184,1,15000,3,1,1,311,その他,3
10961,184,1,15000,3,1,1,311,その他,3
10962,184,1,15000,3,1,1,311,その他,3
10963,184,1,15000,3,1,1,311,その他,3
10964,184,1,15000,3,1,1,311,その他,3
10965,184,1,15000,3,1,1,311,その他,3
10966,184,1,15000,3,1,1,311,その他,3
10967,184,1,15000,3,1,1,311,その他,3
10968,184,1,15000,3,1,1,311,その他,3
10969,184,1,15000,3,1,1,311,その他,3
10970,184,1,15000,3,1,1,311,その他,3
10971,184,1,15000,3,1,1,311,その他,3
10972,184,1,15000,3,1,1,311,その他,3
10973,184,1,15000,3,1,1,311,その他,3
10974,184,1,15000,3,1,1,311,その他,3
10975,184,1,15000,3,1,1,311,その他,3
10976,184,1,15000,3,1,1,311,その他,3
10977,184,1,15000,3,1,1,311,その他,3
10978,184,1,15000,3,1,1,311,その他,3
10979,184,1,15000,3,1,1,311,その他,3
10980,184,1,15000,3,1,1,311,その他,3
10981,184,1,15000,3,1,1,311,その他,3
10982,184,1,15000,3,1,1,311,その他,3
10983,184,1,15000,3,1,1,311,その他,3
10984,184,1,15000,3,1,1,311,その他,3
10985,184,1,15000,3,1,1,311,その他,3
10986,184,1,15000,3,1,1,311,その他,3
10987,184,1,15000,3,1,1,311,その他,3
10988,184,1,15000,3,1,1,311,その他,3
10989,184,1,15000,3,1,1,311,その他,3
10990,184,1,15000,3,1,1,311,その他,3
10991,184,1,15000,3,1,1,311,その他,3
10992,184,1,15000,3,1,1,311,その他,3
10993,184,1,15000,3,1,1,311,その他,3
10994,184,1,15000,3,1,1,311,その他,3
10995,184,1,15000,3,1,1,311,その他,3
10996,184,1,15000,3,1,1,311,その他,3
10997,184,1,15000,3,1,1,311,その他,3
10998,184,1,15000,3,1,1,311,その他,3
10999,184,1,15000,3,1,1,311,その他,3
11000,184,2,30000,3,1,1,311,その他,3
